"","clade","compare","diff","diff_0052","diff_0012","diff_00012","sig_005","sig_001","sig_0001"
"3C3.A","3C3.A","3C3.A",0,0,0,0,0,0,0
"3C3.A1","3C3.A","3C2.A",0.0748887435241047,0.113657315294675,0.127392498032617,0.141120899147881,1,1,1
"3C3.A2","3C3.A","N171K",0.0579883700342102,0.0956104054602446,0.108189169469217,0.121617448808674,1,1,0
"3C3.A3","3C3.A","N121K_N171K",0.0661676344800695,0.105136259014936,0.120942781265749,0.139762202478808,1,1,0
"3C3.A4","3C3.A","N121K_T135K_N171K",0.115742601199099,0.164553020310038,0.190110267495737,0.210417495974315,1,1,1
"3C3.A5","3C3.A","T131K_R142K",0.025461005492293,0.0598898438030446,0.0743700234238215,0.089465515751747,0,0,0
"3C3.A6","3C3.A","T131K_R142K_R261Q",-0.0843140426242228,-0.0447446072894538,-0.0267278296321113,-0.0138916730456151,0,0,0
"3C3.A7","3C3.A","N121K_S144K",0.114076810762529,0.154638931771007,0.169548952866086,0.185511522442323,1,1,1
"3C2.A","3C2.A","3C3.A",-0.0748887435241047,-0.0338989912112962,-0.0159739544997048,0.00650277997361293,0,0,0
"3C2.A1","3C2.A","3C2.A",0,0,0,0,0,0,0
"3C2.A2","3C2.A","N171K",-0.0169003734898945,0.014902499685103,0.0303642770549348,0.0473791335067054,0,0,0
"3C2.A3","3C2.A","N121K_N171K",-0.00872110904403522,0.028298862294425,0.0448101489023235,0.0644498571055709,0,0,0
"3C2.A4","3C2.A","N121K_T135K_N171K",0.0408538576749942,0.0857430228940199,0.103885271749902,0.123861607994941,0,0,0
"3C2.A5","3C2.A","T131K_R142K",-0.0494277380318117,-0.0122487975755732,0.00231678425695203,0.0180424723462376,0,0,0
"3C2.A6","3C2.A","T131K_R142K_R261Q",-0.159202786148328,-0.124991546082344,-0.111000934552697,-0.0984730443429238,0,0,0
"3C2.A7","3C2.A","N121K_S144K",0.0391880672384246,0.0743617782601482,0.0877557723765887,0.110033450610783,1,0,0
"N171K","N171K","3C3.A",-0.0579883700342102,-0.0212299677474811,-0.00851277845923692,0.00811702966612138,0,0,0
"N171K1","N171K","3C2.A",0.0169003734898945,0.048634050691581,0.0616544536478241,0.0724722668512043,0,0,0
"N171K2","N171K","N171K",0,0,0,0,0,0,0
"N171K3","N171K","N121K_N171K",0.00817926444585926,0.0375782640086677,0.0510421620913069,0.0615650169188833,0,0,0
"N171K4","N171K","N121K_T135K_N171K",0.0577542311648886,0.0965249732607297,0.112255523095807,0.133615071851614,1,1,0
"N171K5","N171K","T131K_R142K",-0.0325273645419172,-0.0070238711429228,0.00594077104591773,0.0100339960016074,0,0,0
"N171K6","N171K","T131K_R142K_R261Q",-0.142302412658433,-0.0997068464875813,-0.0812015718408932,-0.0615943190205149,0,0,0
"N171K7","N171K","N121K_S144K",0.0560884407283191,0.0798686936782029,0.0904363669200967,0.0964168897386382,1,1,1
"N121K_N171K","N121K_N171K","3C3.A",-0.0661676344800695,-0.0272724015996818,-0.0134262962003255,0.00710829389771506,0,0,0
"N121K_N171K1","N121K_N171K","3C2.A",0.00872110904403522,0.0452839718705818,0.0585701024207779,0.0691582569795945,0,0,0
"N121K_N171K2","N121K_N171K","N171K",-0.00817926444585926,0.0219470340979618,0.0335765226687105,0.0427819236948175,0,0,0
"N121K_N171K3","N121K_N171K","N121K_N171K",0,0,0,0,0,0,0
"N121K_N171K4","N121K_N171K","N121K_T135K_N171K",0.0495749667190294,0.0951579994919214,0.117668617009306,0.130673850742402,1,0,0
"N121K_N171K5","N121K_N171K","T131K_R142K",-0.0407066289877764,-0.00575506228036771,0.00900528235917619,0.0266899713780474,0,0,0
"N121K_N171K6","N121K_N171K","T131K_R142K_R261Q",-0.150481677104292,-0.104835507159382,-0.0880685235544461,-0.0735841114230729,0,0,0
"N121K_N171K7","N121K_N171K","N121K_S144K",0.0479091762824598,0.0798525031195342,0.0957003981818391,0.114853554847162,1,1,0
"N121K_T135K_N171K","N121K_T135K_N171K","3C3.A",-0.115742601199099,-0.0713669617927256,-0.0501886563915345,-0.0407815380674302,0,0,0
"N121K_T135K_N171K1","N121K_T135K_N171K","3C2.A",-0.0408538576749942,0.00293988690528091,0.0225854867864236,0.0316495037494255,0,0,0
"N121K_T135K_N171K2","N121K_T135K_N171K","N171K",-0.0577542311648886,-0.0186387208975545,-0.00381433819410437,0.0122787456439115,0,0,0
"N121K_T135K_N171K3","N121K_T135K_N171K","N121K_N171K",-0.0495749667190294,-0.00614984429839516,0.0107267357449566,0.0242866011351384,0,0,0
"N121K_T135K_N171K4","N121K_T135K_N171K","N121K_T135K_N171K",0,0,0,0,0,0,0
"N121K_T135K_N171K5","N121K_T135K_N171K","T131K_R142K",-0.0902815957068058,-0.0521427023198088,-0.0361758076158486,-0.0232220264168794,0,0,0
"N121K_T135K_N171K6","N121K_T135K_N171K","T131K_R142K_R261Q",-0.200056643823322,-0.151836017843771,-0.132742801249176,-0.122421763136369,0,0,0
"N121K_T135K_N171K7","N121K_T135K_N171K","N121K_S144K",-0.00166579043656956,0.0338486616036431,0.0478530261911805,0.0619719825571509,0,0,0
"T131K_R142K","T131K_R142K","3C3.A",-0.025461005492293,0.0047706423159698,0.0165533917495293,0.0300031069621395,0,0,0
"T131K_R142K1","T131K_R142K","3C2.A",0.0494277380318117,0.082640857392191,0.0937334680704289,0.101763489073703,1,1,0
"T131K_R142K2","T131K_R142K","N171K",0.0325273645419172,0.0571398347771289,0.0683145856076286,0.075451050906634,1,0,0
"T131K_R142K3","T131K_R142K","N121K_N171K",0.0407066289877764,0.0739317046906857,0.0858613430202899,0.0933281202701254,1,0,0
"T131K_R142K4","T131K_R142K","N121K_T135K_N171K",0.0902815957068058,0.130452872082129,0.143676495076761,0.170310058258121,1,1,1
"T131K_R142K5","T131K_R142K","T131K_R142K",0,0,0,0,0,0,0
"T131K_R142K6","T131K_R142K","T131K_R142K_R261Q",-0.109775048116516,-0.0691928993717916,-0.0513050770419665,-0.0324599165088431,0,0,0
"T131K_R142K7","T131K_R142K","N121K_S144K",0.0886158052702363,0.116846268048733,0.128318235101108,0.137653861764927,1,1,1
"T131K_R142K_R261Q","T131K_R142K_R261Q","3C3.A",0.0843140426242228,0.125310856628839,0.141069937803396,0.16313974347821,1,1,1
"T131K_R142K_R261Q1","T131K_R142K_R261Q","3C2.A",0.159202786148328,0.190643139771979,0.210259420076695,0.217856820432864,1,1,1
"T131K_R142K_R261Q2","T131K_R142K_R261Q","N171K",0.142302412658433,0.186442964761626,0.208612882763039,0.21593932684984,1,1,1
"T131K_R142K_R261Q3","T131K_R142K_R261Q","N121K_N171K",0.150481677104292,0.200161169778652,0.218969967723618,0.226488989893742,1,1,1
"T131K_R142K_R261Q4","T131K_R142K_R261Q","N121K_T135K_N171K",0.200056643823322,0.249897306520932,0.267374269273829,0.289098648363047,1,1,1
"T131K_R142K_R261Q5","T131K_R142K_R261Q","T131K_R142K",0.109775048116516,0.152874270243654,0.171943169933856,0.184767746364457,1,1,1
"T131K_R142K_R261Q6","T131K_R142K_R261Q","T131K_R142K_R261Q",0,0,0,0,0,0,0
"T131K_R142K_R261Q7","T131K_R142K_R261Q","N121K_S144K",0.198390853386752,0.243950733343238,0.267412453252874,0.278198202026936,1,1,1
"N121K_S144K","N121K_S144K","3C3.A",-0.114076810762529,-0.073195805084781,-0.0562886588624788,-0.0455573346741373,0,0,0
"N121K_S144K1","N121K_S144K","3C2.A",-0.0391880672384246,-0.00343274990757059,0.0093566206293092,0.0198350180941562,0,0,0
"N121K_S144K2","N121K_S144K","N171K",-0.0560884407283191,-0.0315198449366833,-0.0218602973894497,-0.014445466138607,0,0,0
"N121K_S144K3","N121K_S144K","N121K_N171K",-0.0479091762824598,-0.0143108109114871,-0.000110794451665064,0.00677690541830689,0,0,0
"N121K_S144K4","N121K_S144K","N121K_T135K_N171K",0.00166579043656956,0.0398117066862557,0.05364560455041,0.0695458670155458,0,0,0
"N121K_S144K5","N121K_S144K","T131K_R142K",-0.0886158052702363,-0.0575059302228428,-0.0439671478075991,-0.0353850575047898,0,0,0
"N121K_S144K6","N121K_S144K","T131K_R142K_R261Q",-0.198390853386752,-0.151653273894315,-0.130535101172214,-0.117590688788571,0,0,0
"N121K_S144K7","N121K_S144K","N121K_S144K",0,0,0,0,0,0,0
